10000000019,9322349340,1921958667,116108
100000000000000000039,89951393186720294033,26135327929659638076,11876954936,609883,131044,1915
1000000000000000000000000000057,106991342299430347297585638871,188675017969977395328028624483,9586166844055967,21068377837950,13060603184829,8314847
10000000000000000000000000000000000000121,6837934585178113515919856555491926815931,1941385895719895246468999069210638479448,123753424054361008505,23916465088426823,4639350154373931,234644419
100000000000000000000000000000000000000000000000151,73553121250676669289610938017565132196113920353122,35156187966317051233812641754435998302169352619227,11740190631638861982816855,6407187416739668112924,14970170982497869326898,376113093052
1000000000000000000000000000000000000000000000000000000000007,582594560733647942864167554683101932559817757617443321218616,485107000290978194104100671498974843211121245518759155383025,1591141197950235962428006613308,7647916346979923347916109359,1553732938852102786830521800,166971983878855,29993889638,72097552284,955641
10000000000000000000000000000000000000000000000000000000000000000000033,9193638238367761016751675951961267177328031093306760076142420392370661,5154446894383162465732893340634268054473714420328923353004710402276202,177664059059812136202711786749417049,8649705917060546335363234070525383,42605680596938635666326245539183459,303885057908347530,9987604800409038,5847492647777907,1449221531
100000000000000000000000000000000000000000000000000000000000000000000000000000129,79511867411473558312500341763373077537636135906738001200253505184066981570467039,99442333257700224273137926203143924904088958339109988959851988698298781351413343,11976780269137162447518084360610902692836,22699823929919688007129566364878825762,7101779907499577969152762520665699292,547733240424210164579,2831324762361707115,250915116616157268,3962729228
1000000000000000000000000000000000000000000000000000000000000000000000000000000000000000289,894968576468032599378378721243828768281281629751362196980139904075779963787129703765632027,972372157545683975489770775017330129967703555095816300746070298618910208458215454650799415,1346878956075816454678411121385548900558290788,19024192904329440419320262763161156260248,20521696958027605314557996718183523621816,512517326462716280059,19267002490130813893,4847101199028585644,6455262666,748260592,553167877,37012
10000000000000000000000000000000000000000000000000000000000000000000000000000000000000000000000000267,9922776908302697864551893522633781539036740348871476332653810465626471659307742084010027213820226625,2836186773449440978191705565856816079355043173337102496065404967247933485306358946184015108636857285,159990589984239373593745787852818347617199852606512,989722211747899715823185566559643143324275776131,1266155285499745286234110363167600406791854970931,1875462898886971439873117,2031896458388150064946,1190299667308778102454,57552863118
100000000000000000000000000000000000000000000000000000000000000000000000000000000000000000000000000000000000007,73897040703230209340879699163370473172557796728004938175640430116830598005766518865599169591070673164645885256,68145463434793382163377062192471111968694478588904291528940674586743810958523826231973023751112421820154580178,10074268537576861274388693383238931675400411913891613844,42537015246683211257052395856951118231182411895841,25259055931554552311352474133437520164071331419543,12655905574464104543361112,2410426693758569820040,8104604126310715193368,261315269823,1143236367,1180228302,54004
1000000000000000000000000000000000000000000000000000000000000000000000000000000000000000000000000000000000000000000000079,440916757717324011788032730444452137477535711047012720060806921410663340354060656227805075380959145159089338144109462812,631285437494859843450445694977386677496924566900227160836371259931552135912333786767600377801213186336272882617878067628,1488069810676797244325725954202325948284566750939434067106951,12449198201478082540103446234898450999775557890458954201137,43049499112332754005531009903858448941113240285668382771134,322424379774743595587112153629,28168354622347068605,110735345151825791292,17322985335
10000000000000000000000000000000000000000000000000000000000000000000000000000000000000000000000000000000000000000000000000000001113,4941693189941838067911495872574332270117638178148052131798919226604760558428153424071844782480171711887339851031253573785418269258,3148347231267030172451773163798270285300504194181779968772627738008668810606663683833805984993057664471564149663175896098545598877,164028410078367085375984359907976466990693497351873932148362932784,6158373989860879669566053050907890007738412378685642101112659007,10176017910831222588592935613568019748968448850828800316345142985,110353741554233408109296548642968,15548985188275546948315452513,16230097845770028943512288464,200974451997070
100000000000000000000000000000000000000000000000000000000000000000000000000000000000000000000000000000000000000000000000000000000000000000013,46888013796754134677078319930463868485635797409327147549122025952108932032306552417946361807615970309475005145058423150900390364669484656316,33955933020373757640343474200443462129960618649082240310794065976877672526630580331665777177990075820851015650799211153587924088431270653879,19140364514810831451115832501047107438931002286502422414995891942056289,327756553771441943694789555723808418423438489185306769107745259278103,1278102719666027309979942396334358661744556163907820018059022187478520,47927648884900075914904696327222080,2969641868451566140291483756926,14808261696968681823209652302171,6257031682720394
1000000000000000000000000000000000000000000000000000000000000000000000000000000000000000000000000000000000000000000000000000000000000000000000000000067,752080212129714468794214216639416402565815386454750538547235006970795550376213552574872702706714877764270700727925370087554281913519379326960095477888,490787482270145167908214629512806982817253584838977247044151010514414379655070523042215801653319211195675373852669600351237050097345310485894154409123,14661310828607884584586700145547860296106833980545094672417918065931976190827,4063380481577689467092351709844736154421442994831143444554646098502506096,93077428679510962742376348049916629394948853955539816936026408483893735097,10783141709514177715388819169693228062,79232242459845840652217339,106132700757143805075947028,14689728392976
10000000000000000000000000000000000000000000000000000000000000000000000000000000000000000000000000000000000000000000000000000000000000000000000000000000000000303,870961685553818574952121595904693822232608953380607401111491656498161120168991787570836679141327715944659429204823953489001639373127767426038839065113379251595,351807506928639599026813029574470623314769627010184859956944957089090375243797767920967017827361733615096686891417650178267399160259424732223727252422252329140,154679095756940334566099434788366486252253771405217775048494485183544406011558963,2158241727753313634352994396805726797077417555527768448779666981962040215514,856472623090793759673186617319983515113797521272591633520454691666929677981,125231395477643479845890000306291336045,14593882125569944754437721375764683150,773046771230745569785983088828019007,12338379414209661159,2378094242475141,1952590912425349,52587720
100000000000000000000000000000000000000000000000000000000000000000000000000000000000000000000000000000000000000000000000000000000000000000000000000000000000000000000000063,93470473516953715264486130229526450936336663069233212789920054348703146246081993413887126031954487883550229314145173583538960879771857278151959126040576198335611057228717,18191774762979389705788067608435982095464290750349993788592367370329962726506894428797813319821022218482986963172035862563078186482534693386993993170270036415782051687010,18355496581896752589164838500283823405264729420962202164067182929913797513314592876438,1412501385784965102422200446057159010676876502635033859914012451612274469545278147,1026575714058769518495199429383645745069304030221667270898318990223354868198806083,71566046837985812611417285149617352963848,124391381655647142888550432419387618228,133936886864869119661578271443235443638,62042239500136966685,4350455900978038280,5154736213039779296,3555579293
1000000000000000000000000000000000000000000000000000000000000000000000000000000000000000000000000000000000000000000000000000000000000000000000000000000000000000000000000000000000313,964738707852450034034876670502020219241915373031595346379718405015575824630199959334940882822386205523161157239091179325963552506586892886966646171056748177913153226444617818502813,601094474866967392070678598855817806577278034107543943046381864304374183125954397937587569068570873728466823646926275325649667099505264759900775768229286396787380634112923213527029,1117716965933694965719962750094851758418422767246292523777015368054626604171972872616579901,5923715765378081141285174743624504927369499899928564342015605546281721784249983904169078,917987177130741050750077060202362217616652258562233736703216589212494425558093386598837,151742762482147991626543101197495592739317837,88577154100790999919458351157529228473619,112856934953625794929219991370232706443223,402774814151685336511,11508415641116867819,2637717490244231952,5038407869
10000000000000000000000000000000000000000000000000000000000000000000000000000000000000000000000000000000000000000000000000000000000000000000000000000000000000000000000000000000000000000000253,413738220545802354824434245246658402873209759302601151357780307240043262384138304518709004942269440346972778787236322933640213324074027690842724459038741909585567242221419331734204922173990,3684001356398882550412779732837495629445644413241749713435537205821657380627185903804167047072920081770746491238052017250263050102113974205744931375061503993619375225498399645585887921440903,283005764863463198337832609371418042903792974340899115504613995245967201215770414725339136161581,8422548492911567919424733291268682679941226148695511512828541710836338389580994608999898836406,7335528125262505067579204917219966493642667637848251470920470821250351467284021733143984394161,310707903546869319046580508628658612020978986995,41660593608071479730469996400622250307683944616,56750495579319843486805919349473141971182008637,252712913694878997624443,51884406079115526,27666089837434703,909915563
100000000000000000000000000000000000000000000000000000000000000000000000000000000000000000000000000000000000000000000000000000000000000000000000000000000000000000000000000000000000000000000000000000357,87348455083464835173912838809297985979050424879761394299642064250131123112098267051742465371500740736176356771621483703038097582656860706926529237472631276338754661704078113284390075168436309487689174,75235571151578366902173715994244341993131010647859279522552306400327872182568634690379570076147892976526197433425512045132039800047133296587021184735209358072970731397102758844247049628754430367226010,13021179390060678048929895908260344942242241149810837327049670783547736062004307972728585899036634381,67099271449478306917612563384975185585352706752631133425447861941143474249156355143899029454439945,2722931736625577822843681918023387673442093011304431625651574366107494606452057759234690182709928410,366987175890244770114240198350604318174558855053197,22348722006594834792174379522471813220600402021888,46912968644045536626703228647968410749047345025185,9193348126859053336609916,33986263973561582978110,5779086556642476234802,199739926444
1000000000000000000000000000000000000000000000000000000000000000000000000000000000000000000000000000000000000000000000000000000000000000000000000000000000000000000000000000000000000000000000000000000000000001129,557725458670982857152701997737148120074179858676347352439240212947335296245269350037271231339174404597658820084347360800831005087442219572475919810042848884392240616122455825965402365924445205637652891620237735,895936157069497478012969828777049670214767805330637988492130790733285320535472863000401234485506654546454784897774754197969294565733655057505481214814004515398195979802948975862036034983282549805209518398157914,5203093073981852709587576242855715876079437472094624099342035538570950407004773976672512290723118961283679,6095979198458864115657101500654295273083970773020165332263912745341081179584651900846763624645866775595,4643574400169070088062097708216184689442731165151169481759449284636259727879323824130267064775719725269,8888911269763810304813009748794112193722575700035107,133738894229803375450135094445249110293620632851,350913790142154716182963401103259823262540823894,24469337255187634107467641,247642374853433274467896,101528819013334583333768,806854553927
10000000000000000000000000000000000000000000000000000000000000000000000000000000000000000000000000000000000000000000000000000000000000000000000000000000000000000000000000000000000000000000000000000000000000000000000000427,3416499526622594587844071745456294587059411345982376947749872864862655405811356873224053390219028684688596817941844110868576141553673252281779845164509868398443470209474597699493403659230492827759837127387430239682944613,6006276544225210184196797915046225210185454988532059252746609191615352973711100219211316870170917525537964739128977481837395200167797768802350323065997495283235734578472382581558742939648886712147439162550237040606073401,448156923597863105134275783348497405831387676041145813066098401607950967625555918808492226059148484396393696781,356860565316986131326573141638700097057790884140550598368460484063045388342863104951589903313814876901373119,235475315602681182045794330549744758582751870575143848154563800260190045639608398331897228220162384075380062,876702734371026964729322501543915199510691082597897448,3219039467928348897979246467039628467704633714184144,630381185981968096813155230284520721691869529589426,191859686929844477754508340,823422514456264920720077,1019737062093534972518613,15708753327017,59878403381,173798812063,522901
100000000000000000000000000000000000000000000000000000000000000000000000000000000000000000000000000000000000000000000000000000000000000000000000000000000000000000000000000000000000000000000000000000000000000000000000000000000000753,43534437444430401745762142556742195476342815888370757926592028562161261768750186054034438134682641844950329005827142216885421691640835607968023967274172939071749520009285853766046714573887761888395141794229959513556148127874160012,81554256547629276798998368178777172366730706993272025122115006538898971860179960890190450149340259212696987350330861391298192225969128417791852080885822175650024104585025668242413073470722877110621501038274860142774009007614606792,118712604394077963669475587423715104933068211984512802060778101004665250180340380644737728129406699908094997253848889,1015077950073060581199232549105888650054334797653505452586900205603597256675012880648047524989960752346056159097728,1972479326927197014447694432815254992003925708477010147346663478720079805944593459537912298701864798727353443234179,1722326225606603131591653201802152706111485816557968050612,107319031146864760555245507365800410401651699810109253953,113804162611347207770128774219414139328181708083533877111,53620144903000427810421300067,155115280914589317306361,277788472012644935344922,961294610059
1000000000000000000000000000000000000000000000000000000000000000000000000000000000000000000000000000000000000000000000000000000000000000000000000000000000000000000000000000000000000000000000000000000000000000000000000000000000000000000001723,247199519734287037580699410593482862389065571020433543672856683348557310444195774882596257853216355009480978672757062094817818026590735250916642101045466643319992673675921436399623686647701292405460826439925770399542902626711344475366232771,91661449377475582923215674898448627642518552812614104741899281075250543813753328355137431973172920517747428497682623256429826597808482621552880118214532717812845664087352265712025257721671982997749428873798729176008813688034534193067004357,1293211631606115275553576292879235420776378897751411190169604986425977631145229571833932955952604082440866072316495644278,92983113241736143878165912696021374472095389509412219767922117511592279865593952749194091601445094444347878205112512,545032289092865101387095047622158097548838895936093210584332361833874253536360527549175642499219638862367978733701028,8397744229309202175153202875871358166943004370193963257519941,121034850878479620279125503869396653477693425048606842637,1177137713683157137164147142831714621360837717323235552347,58474138145734262335784395546,5858530310572491129861055,9110075576390471961227929,3653788454685
10000000000000000000000000000000000000000000000000000000000000000000000000000000000000000000000000000000000000000000000000000000000000000000000000000000000000000000000000000000000000000000000000000000000000000000000000000000000000000000000000000001227,764108411818591194239347478667614957208657076071114432780799562306464417479279693115610800513659179074765578242641524952460107366309498010219681526642452494131434553210952959946499064293133747048206492245033901152722240152794146460011042275118316661,5323923733260129678984812030370004768260408739247509264483842835566789801895176919274836140416600769368133640497726183386224540821517932028410257774304945828629445924340606176374252570955100228855646160746763614510329559654147982558073211005651739062,3655583705660199546987389702234013584385164219554670511305037655652745576211308667449643054759038788891886189779553766213022161,302200473315363025950234247648889778843501537901877161493101919002698093202124328232000810217483455220470565917947163036992,365906477674207794615553687091261779191407615256356318306004154933492578596833606345849715615124553777951653293314912813751,35218714844935377547331917110629706877576736073581020639545617,30958504923551634839440625830912854173606985286324265577,11992179643154468745672636022257003101887535447194536890,6469994372373663519733166287,972513099789150258744,1277770000219554807927,51275613077
100000000000000000000000000000000000000000000000000000000000000000000000000000000000000000000000000000000000000000000000000000000000000000000000000000000000000000000000000000000000000000000000000000000000000000000000000000000000000000000000000000000000000000049,83468605194508026993092816470412226520305400744910723492269887217297369632252117052050195470133238776724221262391180683867108633708280518368167104547648880945560147601214491933691147746507422236807309259199156627208603409561480101802078151017194932007907619232,32725151960299813806913869761172507513623318133846079364825922612800428167798869633683239284218095855851505662954353470096543931107728952904281570040379838560340603414014462638635343759619111883846994367622211673996878281266728677563383129094515307651666246334,1059817572042360692410356590916124966811393512187198024873160249476048366159921423390414707842843803710742859437761195264358992868153,46541905731263149506990647848184148750801436922998286941745862645314931276135743473129164392092188492557309988546971200062280541,13901137196376259685675154055973037060773837701009012548720202283377542666808621893888151415935045258983852066173916539518350988,12520006665756740388382391781761673333504498482567877034232194318,3131475757817284557529167027117526558741427302173187809337054237,3761802518224532490811107837907070857534448124479112826790455201,113791596935657179894199652797901,1014326647104665159541524024,1406579721631008122710063487,41471310100650
1000000000000000000000000000000000000000000000000000000000000000000000000000000000000000000000000000000000000000000000000000000000000000000000000000000000000000000000000000000000000000000000000000000000000000000000000000000000000000000000000000000000000000000000000000361,747139684561205811962176337477180759676939623896024775177113390389776465423404655126125802659492550632380832738539686344088611205776444434522527629225994138091163487730585466023497180585707272976175870657742514219329762961893679060794258038742365105826623497052731423939,383493138405905540969583940087647928977538167531712653287849562082400893633737931962089026351833702435149109232849110681611853577628281367156665083720740268274717754978328405921133368159901508372550234506068311097753635600776816661468150958890241712895621624025214337129,1477114303481777272829764661495925894968115427411615038113040961382082645207377131051819751741357506106443839373110470649619279582751019,1184915116365429865288012015244586024683492013095224317032345177503248711505236299745482083310890126436266208618160330976045,3067626875020846692293235727291522489709741865982284544368814817342873221113877584586251965597295987960618523042746746388794,57625581252726713854127201976336661616154136499881667554162600,143407834572908584850718736358819851138797207462293026978382,81695322606641981036360201074612634723310374185908249313738,17355676071300407682680045872949,265380138542717832457748,670079797333557698175117,958517982536
10000000000000000000000000000000000000000000000000000000000000000000000000000000000000000000000000000000000000000000000000000000000000000000000000000000000000000000000000000000000000000000000000000000000000000000000000000000000000000000000000000000000000000000000000000000000000013,3376839018477344419293144381889070025748830462645077648096910040551163400210887969792945667075794371539030182708521728976435784025231097898035204088876051346051580111136274012219482331016479101111438201212112581541106717464563881593912175085163115678582176170231223738559301325990,5098668099392651118172338262926796611894567555792929687855152609509417434583142110223795877379539582012990703274957228395828127298948992065921029415426196021276561030129656621599418713067139929496043537926209062906407244964050265108303512410282904931954980566783418384360873564172,1266999433023889353212041474265678570312322425737194631564630298721482928599053402668268465390633824869991590627664104870116598271695321962709,5508662355661120641906477558760363777355085237856283032807698578309820271047985944451004592825718131135661723173472019652692586590740625974,2850970766953010479024363345324004364682111594705102478482144065839415478037655326985729549235513819778803697664041319790535901775353242362,7764054772534468208823415011684329104146506554459190341813287204381271841,171791376156121270477512264215682633065653527395812303199641982467241,189041677567988551224246827134075163759339836635456117071271858874560,27485397673568151194302393246283326,7634026706634094808136454443001526,6132511985969581424007601252778729,203716213616760002
100000000000000000000000000000000000000000000000000000000000000000000000000000000000000000000000000000000000000000000000000000000000000000000000000000000000000000000000000000000000000000000000000000000000000000000000000000000000000000000000000000000000000000000000000000000000000000000000279,4749929190238967056732117263879400610620937181529688180945513268216167472048452459085443238310602866825828154526792020630078910529678664752303820099460131751690826319425463344988390080411348426192251630716984799637548003887939762519172047938787165790865714610460621743712827771788987985342,69404543923484659818721230549379158859124457775666935326012606734925290945981074564027907653053529542599753000147611345878115771368144581108801556906574970640483796297800333112579793595346745490349973112837216355599862820847057102145676073578402537825015068086322995336250929057040890321719,10348862586672358063664740084506407040862784759555917023634756749903239399738804806103870175283604543328970074681581275409781395788714445397087584,4497386875958529951162927055026675301853220910427565257937063685878626312507220708307770161072977037183188746873011869206761386634630083852514,1956680090936408776564336367834349735904653855195919943032197383503080555020981785508248387673081511911589200452897953496940815371653925628286,181738149458399629682982164813710060358398002474648816577595987817954151,211181037600632214420334692966802225375153471643847278986820322311,6320281594388283678755507841655590839441105526245346634151787044,134705824890088361252418872125689863,1014326647104665159541524024,1174765574566874519225255869,76841419161975
1000000000000000000000000000000000000000000000000000000000000000000000000000000000000000000000000000000000000000000000000000000000000000000000000000000000000000000000000000000000000000000000000000000000000000000000000000000000000000000000000000000000000000000000000000000000000000000000000000000000331,55278010704434125455727442089937334588481862824309629343781071031130732084365411987592305801347304954533227913523278671115804695906766662328272459317398558065382711417848866444383093275269878692334775575133808002517795321718468964510827111761222257689092001867920988174006424795556948519291145157466,971200140771794253630112634035711615918717786530659517852240211957306396753349407713304515982497668615209932485986399728594772520072390893462777338247998420370687239181979803435967956898179931550295332720819187222553843563078454927014859279736218849893210472466201161983217538432634378535317405489693,6586086868510946663050679524135852556272633483218877651689970312779810308484284248795640223528435567576000987941013037997069764784071420234637999018471,5711761579675772350516614042217363184062935559796947612008558218748485164093495013766893102733436421099408253639800711024758396363520199692966611220,6638965668281522009750234113612593425829830500094245058047136393165828541679668655164878242403624009726448169490490586819350529539581302122174516390,209066909343479042548280515681172170576801536264568185839923402829857624871,144426347615932954397012813105139629697540608242537003698583345044,185798863199734893191853069326318350200116429439586356582045111691,1127624680120668146014047931651685,5335478275592664444622304637709,2266142234250668976204347346031,3387019546165934,354904342123,65263348973,849910
10000000000000000000000000000000000000000000000000000000000000000000000000000000000000000000000000000000000000000000000000000000000000000000000000000000000000000000000000000000000000000000000000000000000000000000000000000000000000000000000000000000000000000000000000000000000000000000000000000000000000000000733,6643474228050652157213869069036839708776051233959644790160406437809999961296017014679142768015877965737740330504746434799782495683804904975000661967171499249349245187421342361453420453960958608319124332932621571452559715643607355112278682645980134416675955291208062157389221878217612705844622153660440144539648,7444701999180655936472664862938757376392632755725967097048468299522008928297494714236786842423019872428846915360005636426715134735414535512168505773458654543171034737930493264144629360357484606756612593433425755409688865555279981198258281786582916802515826227875669683602169202228647824789107665467552907126883,118707146114823461656954409456947916847373207909609361677108834053835703638465824737760302499848234001587121556538207924501015561380883039539330632813463435,13760012183682719965617483692159025273679856125555214794608352630021154812568469547586223288624412849401527514351765477845784275993791531677481352970769,25891025606575415484851358003979436587523291302510569840970290802864680497339948096714753706912149229673037197616770453907993627688646225576533021043943,1237347607386063606691789980134888150516012797640996098956522891186155679121531,45444898938503886955482243157655418874652392571841719367398787762485681884,212107194795053980489642677664338557122856377164048713077129650310501556122,20728644972631235187948824890910299275,1063598567435753652337756811101752,880920696262164619436846438238642,46788807335442285,44403651753,23445325687,294594
100000000000000000000000000000000000000000000000000000000000000000000000000000000000000000000000000000000000000000000000000000000000000000000000000000000000000000000000000000000000000000000000000000000000000000000000000000000000000000000000000000000000000000000000000000000000000000000000000000000000000000000000000000699,27563472171542046134369635924862959084931587468082754031756579142324503312831705890121250123571027959617753673509525218194877314584080680744122005222534525477316080274991552292938748094801598411024959448514677427938622179551847829440697189117633305864363900533076142791531409013120112775362225307994765611309048750527897,26436853345463998319196819603534475619945341583458298386197272892902890128490834003183720166188521801691201263461985895794201588534567253911929461280569572133135258411869628966011763252047028625952640177089217345282950010293851799833322474903747814993515671993426189495063175420836617479691578860525321852702742309009521,10455489214635134564163575227653592722247493710717060248337669787782840105056053500114152525875962197490579323444585316808864388762423381962161235899153064239825,9215585491131755977864323676800144587900785770233633195020474736897381087145778636496126142791982793447646619741517377362329664969958777872728747709706017,9383409293890927002416521622904333338003242242928327793147482187086816965171795175614790119162098992283549512341131322171469404560867267176733382252582622,124424720045160882469067005317993866667484214255140002600905210135900317709124,21153268288410776423451620443514782181489762444972376385495850398055511,76516795915809438056674392141756031430995434710485288854487854488266360,338900230270392162599846539218810141,4254394269743030102359379612337720,5278625566658811101873993442037523,89550595046599307,1010681853118056,908023251495357,41571224
1000000000000000000000000000000000000000000000000000000000000000000000000000000000000000000000000000000000000000000000000000000000000000000000000000000000000000000000000000000000000000000000000000000000000000000000000000000000000000000000000000000000000000000000000000000000000000000000000000000000000000000000000000000000000000583,623797982695175199537128599821862713343193133404600529291236101893334370871014522079273350925347005871731615857796014819659622385409347351443709317341995118075865985501231543444285050460259856320128718081701757500730867785134776145535229207685066157300961904381550556405733996934671008587513719322569238639622234739526292948887629,971509929846735833719415422800726278290074943896150600950698707208510349699948952383865202177308649549530000088901651183077485717411700222339702844366003332521902861021845728593011665818637346449279798944065535078587875985458033039260513804340131407181122379309899102969893211233863602623231738089713818961731401146408510802149253,8730907322820852074078451777896927330722043063863411580957463068235469306989814323717484451628945707266855924300072724602902275796384316665217658696723859046883255059,140696979805856230405962399391214314519352492397827248101741790613449987604477591349806836839530464560296995412988270165958735258026681639886336249873217416549070278,70848560967732899646340510678499088857321136068383735223446865195987001444265219411207958575419587580036057221925036613820090848899058307200462093220507329374211101,80461679413978706979196591621160004431458676287314382235800404552083147058463541221,37017825727812764545755240975597150623311235372003555420333697628633564393428,669642315318829137006749979705068862466083656814752655664497233062634719536560,2743413788580357832435784920562992387210,246213512343129886502837029525964480495,24591807206825178015770674682864525904,19022088255356499662,75386519454811,31306493456000,16079985
10000000000000000000000000000000000000000000000000000000000000000000000000000000000000000000000000000000000000000000000000000000000000000000000000000000000000000000000000000000000000000000000000000000000000000000000000000000000000000000000000000000000000000000000000000000000000000000000000000000000000000000000000000000000000000000000001153,1420165479777661632347272935582510242976973729833501790265770690007812483270302834322175275816061555239018953885403419810883296293161817149703772865788871010295597195566986629010105167944630566017236638767218049906878160180369314503213676001266162991568070498651903896170930988221017210588847464793379748475784427829745369532534265577957893,8831744996985844759066899051823447691807455475832210927271405669037402367350382310266575377608896870484628573228307155876643794679396166523905215764732519567507290531819482200109545161300091783766320778338640193538414532728293900574446727809774871835444078432863001032540865237868932569757205095070365136042895720989940679521055851311044471,495753761819144031830764362162406265348733588424618512403131444972521062976688225148662545195856945506722825167415891902634126733611338145720768434551822810619171965152759,194224129365625790367803895454504079059108333768612914553367863158066974072570531205141637971551815392046237294478016083554541907032785175429546990581852428558090388549,70716415178402073082417457475937278123829046995262752972629272484012866530552586628454890396292069294333891048452564290348607238355265235963419866128172647070147365528,460682314954287800403979351296263234061135218214190889814472746453280062400464911668,2798270648616878692673884819328065593892109218787913942782948994563431940,5404337547418235237309285330332595474255998653747981527617565960177193728,5355828697263674479437061196419775995,68070308315888319295118877412886072,27730724487621549443056630039060213,538424187998917719,95396263366202771,167036455825918831,523995464
100000000000000000000000000000000000000000000000000000000000000000000000000000000000000000000000000000000000000000000000000000000000000000000000000000000000000000000000000000000000000000000000000000000000000000000000000000000000000000000000000000000000000000000000000000000000000000000000000000000000000000000000000000000000000000000000000000000000133,93884101416841817339529714771955196597963422469620897039025391170981027402784844570660752145250644022951937921482468058866674137089386598452387191843812548762036188707133767960042242796450047843914455369179518555008734218062209425651270754605189730593276086292288660620279665550334157935751468279918533070274592554735490320035895456636222571485996722,96572192091784921966387139645292745468825226146660859143353321690876704675418165502306843101877613474980998175990162712768222855384137431871897810892632559788838438950406919152845108006163806547831943384721930614058906303082689572882316881219798272343997300932856168942706151841135709560373176299577631489027881899936449335534977774826529109780333280,15951998529320892208460975260016284567627303764987796695798572367958805512930422607390934166928810289249559846878368523725930757721494730563467851242580608001819357947485013203,187897303121818163979210017404363686114535038171394785541315863171634592571114897066105546330390954829472080236919514269145995528904640915185136330589700488871921615348652380,76527501263238831208480869138532210782465526729918075009161142757183832159093681931840731415293698132583896330883575541865005624073181503530249420756312094462318626618929700,762124691833582700650193749966201465068133441016605049565747644815071148924129830467210,1831054737089386772373607542365883253778227837578923089188123499146887300372986485,458575111010994153489856745594061600153447230386039335358116912991208986818691203,298615160131945143700369137748223600597357,34035154157944166288763416833230392,31337265059689043993501034911356367,449546434119416680,937191169723180,7248827347549447,132401768
1000000000000000000000000000000000000000000000000000000000000000000000000000000000000000000000000000000000000000000000000000000000000000000000000000000000000000000000000000000000000000000000000000000000000000000000000000000000000000000000000000000000000000000000000000000000000000000000000000000000000000000000000000000000000000000000000000000000000000000000513,906757596049156753847778277565929057903183654870065060756396740285862246675153205253677013979368981965382648298154535442475511173506799523210058732859586619903841461364791266864804286740817718712535464860070375785963465257690156338475066480660445693208456053447501011301089389845598227104318305584700088418627277179629643264540915028628764170543984608031462687,273478600328838459108994590139355990582387587264474310288165458345310123148920654812391978071114946594420275859074733494972089548975189558098508571917435436234361853547086550040600935031454433743418807572141490916808899909807999670120843596269571543531576615199638633868672188754556273420531615920260457507350838287277655868450941673398266091141654237774208449,1129340461130247774348705065604058469594716230723473695888041000177521732084067274467911901566735947146497298358943530491021069560045240038977864357273483087056370233374916463099345,553552222818747936880173962208529480322982632164851989671692187897876928805344141546538556802050845042759177063985895324943963486746440030993921072711574475090160676520537657,4616028152733412384048743826343772312935119216938893155762112999655456084945904825639354222951769525990054364355746402720475210231111878654940919357469645522655967134148899906,1471673487695172982573132902517174691615233700994103694395232513124019915214146946013346441,3631038568511398210019637868554276860681583496053159938806536650878378887809445285581,8126768100920020224498595338838022797656544189329361834211726048284641183416380431446,143881595999182309387875513199121634922509383,78336340775532789257363780697086725398656,162536999175357265915255084367035657641956,53758860832888803122561,217905267435014422173,194794246806918252755,22893229109
10000000000000000000000000000000000000000000000000000000000000000000000000000000000000000000000000000000000000000000000000000000000000000000000000000000000000000000000000000000000000000000000000000000000000000000000000000000000000000000000000000000000000000000000000000000000000000000000000000000000000000000000000000000000000000000000000000000000000000000000000000002781,1828937128976423097238536126204953762507457709250342246375150572746304474400074676847352273505022691729855048212253849224574755946732929639998782081462398206165711158027928672993207625441711491424860246302587798225846103740701692831457186909251416727385040840600896349770279358625141664380346326063231789823153293560553919414253690460861006872537550968688360598364603153,7085875017021288830438137217419451474904772148360900599295602314268077448853016243977526864031936805155286644672412440547284817231797755547645072710468211610034670338286233916059866735848654610375372622327988641259822152430437399860518388078950946765133619568482719720830438832952802325626238156317257874558095662095641406627872710077336441025356676983929590036520098602,328592225160146246098649669006329259928708737076255357535317951532670839843344994063847218524660141700518410522065989728735446718189931463949268966096128069428237609274179110358973315105,61661967838907177965758901834100793491765667418603659336648188159937886591476133094092367264296582532724424395702040046482734565486727498663080398965543339112359670851354761521509724154,14721378226079265528309263742545144886394381316304144547046965768326088354372735079457732509830209044391604188589193361818364804254633949380813990165258432035798305164078559444821223494,453309353673712520966648693131590253110914635165641807683383748754796139999552808033899346941,7828999427226760888562225948882004936759684998070355057487822835825775768387136087038098543,10716242909810421098380656584343214006329303989237000646790079577971943881851849997067568954,43620649215333649897015738803813150421256489779,1603723163326363478017195605066228782125747982,772154903190697897283321978483922980943697710,19442138644121858724116753,112850335796017504152,872139116981738585085,40764077807
100000000000000000000000000000000000000000000000000000000000000000000000000000000000000000000000000000000000000000000000000000000000000000000000000000000000000000000000000000000000000000000000000000000000000000000000000000000000000000000000000000000000000000000000000000000000000000000000000000000000000000000000000000000000000000000000000000000000000000000000000000000000000000387,30971408153879275143113285813218952259284774831582532684209013848653558386254817791890822586917653630720376619186720453595469420296717288227172303196670731349789642273843459419012392973966712596072481722674780324762823094692601532676688348285340933860476988217889564981462057779510809724365593295119421506189684059146204042313405446465010131636368871514627983001505671091389675370,1132652464088101475134891106946348460604523758450162406105600303017698203196899954268295424303091755256036563977882092379893281672752058852301056260063327765049034483896341038297318919431667185903868762437544460612344517313206330715726487164672940710305746187844391219354984556948458255598803210427060492398597862444083755170665699363701858858898524013807245168227870826852949625,11447287458717907829864241381672727161028390247928804056486003181560125519323228037333923544038223343509255552921071071577900205260236472459489488580412884383910855735869798104944591879503226,19732696561472112904146722977461810092318295460546252465377338918580631396839399430100872546754694260590985522403916135714183594318725570270934521286417091047293334298326081388350709147,20577899280655004177259640299037143827357737209542544872610092532475887681893898383250559950858016391418525402052330373677315539133783983219898509380774828295381117112720979965260872034,1043463329152419395358951317157785391140118381124916737103311433359905418872048616594726445503,2632567002443981714184514648627681694876844852264227492422130188848132730603652734423659,5898068912825460765446237020838093193410841714524073670722392489143988978317820540122326,103070198686281933155102225983785389501022033,6427941621399469444484016970050096,17874703450625382185997279405918799,184298061962323385
1000000000000000000000000000000000000000000000000000000000000000000000000000000000000000000000000000000000000000000000000000000000000000000000000000000000000000000000000000000000000000000000000000000000000000000000000000000000000000000000000000000000000000000000000000000000000000000000000000000000000000000000000000000000000000000000000000000000000000000000000000000000000000000000000000799,847856248059687205070824823491133426385376865780677839418019416203711812258456094344428433718279235216493216944075722580367367625394293446743454618606356891413253170036904831205892943732334795442775159558015808911193240365304222619191855484721412555450732696641771675268160887708795185363366672862857288967941527437628271166128129203627015522566271771742016848604848074280656299125754785116,436806009862976721510169086830627946371322516811399471884923757675127703398199605172479172866932700677727304197737597420689092108243018881838621921932069687270197273879782285593823742382561977872376914538442203392266048078505366993441449355922385867403137510463147000259342077089786137104305745110571243814659290107384274448222574933795818634627796473612824577121733159267418847240646416830,1028414496402275607506160835691945157589734800810875168122399827096379930235875761297096109947598074727637398149678413799344403791910402352337195599892621003644771082258773933464263553898961053987,281653352858615641262290384229580182500836787953038580719377282978812633348357757539653942905190943935171773958720861292618258150730958126969911197757795510247018071939577159382708830373185727503,5379731715182260012262478025216435125589668834742735562711562424056668034453956753662100222495463248601453250134884387559208398830483633979566373896277367271439657255571317805298051436754696379,491046504102486824205986365374611335903013252920065962804673879037079837713448511241630436063493911,142743963292192980104274042432045476786727385687348276093380430379884905141097247153465343901,69837034803519833128534555481194418879002918371930233164888283291445537023368254360671226653,19284497310721866501892975360657438063416995645,113129859958897296777846932453228,7748169158225480665171676984637,14921299834332237,3625139879230,533292152336,2229645
10000000000000000000000000000000000000000000000000000000000000000000000000000000000000000000000000000000000000000000000000000000000000000000000000000000000000000000000000000000000000000000000000000000000000000000000000000000000000000000000000000000000000000000000000000000000000000000000000000000000000000000000000000000000000000000000000000000000000000000000000000000000000000000000000000000000000069,6239535760007237450636848272330045897807726766744742175862719657969863764548958915493551716261865023119712356612431787045913337762122109385871156771990983155486050473582361596971484744380526801079455598015692478672976124252966112459188176171723753501749431952179973545916910699869824182884771403604163660391249447400510398991469592326241971993627782399776492187960398222092715924191753521689565649974,8066537138332317266707182313255904641173245506642995495714729349007355915736276544544177887129943017808677387568688867668342408528085018193307139791998171583379338127354570722229371256776590906492544942774299323180318787912185876000205995464873980246531963610071190998772756951752423011625929011809816032819006754983118458767448691305571017573056126897426593541682577597934700696355466343601514741546,167604743260000433130381034298416086053994739739284042316984111721971839299142380022436810726622952279587266567988174948966499861767339561626583632356530779734678204142697433038719177936337494808536156,569911935527778803842805300708810930561591283320916820522868080993981989138652779409913309232063236506835794314673813949144725143501373645395660390819455570354260001014618852587458323828077064025,565716493929719267310878670471434290918948777099425258551185899314446432826423120014407191700497836411997916603301677458423959515325056496351282814444732250188088915288053978810008032057445389534,161772319836431479707738933285986685665027388786934813660254821262132672614731617093413570892068669,5404075985469761426377326332232988605173366792733584855206441403015297681788289521449954405781391,4450712313919246737441492808993254843521501234133205142816428726449392116458982818902724815751469,165205087911479926635056570326308279217765676435209,9696741775924908310613872868205022944998084504,151557842686328465627128827327260947134222598406,3004964564257530337467341,2071313634587692690964,2743990732209637463113,98151861315
